Category,Sample_Count,Avg_Length,Avg_Diversity,Avg_Score,Avg_Entropy_Bits,Weak_Count,Weak_Pct,Medium_Count,Medium_Pct,Strong_Count,Strong_Pct
A Short Simple,30,4.2,1.5,2,20.8,30,100%,0,0%,0,0%
B Common Pattern,30,9.6,2.2,10.5,51.2,29,96.7%,1,3.3%,0,0%
C Medium Complexity,30,13,4,80.8,85.4,0,0%,2,6.7%,28,93.3%
D Long Passphrase,30,31.1,2,75.8,182.9,0,0%,9,30%,21,70%
E Long Random,30,16,4,90,105.1,0,0%,0,0%,30,100%

Length,Sample_Count,Avg_Score,Avg_Entropy_Bits
3,3,0,14.1
4,18,1.3,19.4
5,9,4,25.8
8,4,7,41.4
9,11,10.5,49.4
10,9,14.1,50.7
11,6,10.8,60.3
12,8,77,78.1
13,15,80.3,85.4
14,5,82,92
15,1,82,98.5
16,31,90,105.1
27,2,81,158.8
28,3,81,164.7
29,3,72.7,170.6
30,5,78,176.5
31,3,81,182.4
32,6,71.8,188.2
33,3,76,194.1
34,1,66,200
35,4,73.5,205.9
